id,Number_of_Terms,Time
5,0,5.9604644775390625
5,1,5.0067901611328125
5,2,5.0067901611328125
5,3,7.152557373046875
5,4,8.821487426757812
5,5,13.113021850585938
5,6,15.974044799804688
5,7,17.1661376953125
5,8,20.9808349609375
5,9,23.84185791015625
5,10,29.087066650390625
